{
"lengthUnit": "mil",
"remark": [],
"components": {
	"fields": ["COMPONENT_NO", "COMPONENT_NAME", "LAYER", "X_COORDINATE", "Y_COORDINATE", "ANGLE"],
	"rows": [
		[1, "-BATT", "B", 1300, 4570, 270],
		[2, "+MOT", "B", 1300, 4830, 270],
		[3, "B+", "T", 1121.258, 4631.172, 0],
		[4, "C1", "B", 770, 4890, 0],
		[5, "C2", "B", 1110, 4510, 180],
		[6, "H1", "T", 899.998, 4399.991, 0],
		[7, "H14", "T", 899.998, 4999.99, 0],
		[8, "R1", "B", 620, 4720, 0],
		[9, "R2", "B", 890, 4890, 180],
		[10, "R3", "B", 890, 4530, 0],
		[11, "R4", "B", 870, 4630, 270],
		[12, "R5", "B", 1135, 4610, 180],
		[13, "R6", "B", 790, 4630, 270],
		[14, "R7", "B", 620, 4890, 0],
		[15, "R8", "B", 620, 4810, 180],
		[16, "TCH", "B", 699.999, 4574.991, 90],
		[17, "U1", "B", 1170, 4880, 180],
		[18, "U2", "B", 1000, 4740, 90],
		[19, "PAD1", "T", 1121.258, 4631.172, 0],
		[20, "PAD2", "B", 791.46, 4890, 0],
		[21, "PAD3", "B", 748.54, 4890, 0],
		[22, "PAD4", "T", 599.998, 4399.991, 0],
		[23, "PAD4", "B", 599.998, 4399.991, 0],
		[24, "PAD5", "T", 699.998, 4399.991, 0],
		[25, "PAD5", "B", 699.998, 4399.991, 0],
		[26, "PAD6", "T", 599.998, 4999.99, 0],
		[27, "PAD6", "B", 599.998, 4999.99, 0],
		[28, "PAD7", "T", 699.998, 4999.99, 0],
		[29, "PAD7", "B", 699.998, 4999.99, 0],
		[30, "PAD8", "T", 799.998, 4999.99, 0],
		[31, "PAD8", "B", 799.998, 4999.99, 0],
		[32, "PAD9", "T", 899.998, 4999.99, 0],
		[33, "PAD9", "B", 899.998, 4999.99, 0],
		[34, "PAD10", "T", 999.998, 4999.99, 0],
		[35, "PAD10", "B", 999.998, 4999.99, 0],
		[36, "PAD11", "T", 1099.998, 4999.99, 0],
		[37, "PAD11", "B", 1099.998, 4999.99, 0],
		[38, "PAD12", "T", 1199.998, 4999.99, 0],
		[39, "PAD12", "B", 1199.998, 4999.99, 0],
		[40, "PAD13", "T", 699.999, 4624.991, 0],
		[41, "PAD13", "B", 699.999, 4624.991, 0],
		[42, "PAD14", "T", 699.999, 4524.991, 0],
		[43, "PAD14", "B", 699.999, 4524.991, 0],
		[44, "PAD15", "B", 1082.44, 4510, 0],
		[45, "PAD16", "B", 1137.56, 4510, 0],
		[46, "PAD17", "B", 1076.78, 4610, 0],
		[47, "PAD18", "B", 1193.22, 4610, 0],
		[48, "PAD19", "B", 1207.4, 4909.53, 0],
		[49, "PAD20", "B", 1207.4, 4889.84, 0],
		[50, "PAD21", "B", 1207.4, 4870.16, 0],
		[51, "PAD22", "B", 1207.4, 4850.47, 0],
		[52, "PAD23", "B", 1132.6, 4850.47, 0],
		[53, "PAD24", "B", 1132.6, 4870.16, 0],
		[54, "PAD25", "B", 1132.6, 4889.84, 0],
		[55, "PAD26", "B", 1132.6, 4909.53, 0],
		[56, "PAD27", "B", 1170, 4880, 0],
		[57, "PAD28", "B", 872.96, 4890, 0],
		[58, "PAD29", "B", 907.04, 4890, 0],
		[59, "PAD30", "B", 637.04, 4720, 0],
		[60, "PAD31", "B", 602.96, 4720, 0],
		[61, "PAD32", "T", 1300, 4609.37, 0],
		[62, "PAD32", "B", 1300, 4609.37, 0],
		[63, "PAD33", "T", 1300, 4530.63, 0],
		[64, "PAD33", "B", 1300, 4530.63, 0],
		[65, "PAD34", "T", 1300, 4869.37, 0],
		[66, "PAD34", "B", 1300, 4869.37, 0],
		[67, "PAD35", "T", 1300, 4790.63, 0],
		[68, "PAD35", "B", 1300, 4790.63, 0],
		[69, "PAD36", "B", 790, 4612.96, 0],
		[70, "PAD37", "B", 790, 4647.04, 0],
		[71, "PAD38", "B", 907.04, 4530, 0],
		[72, "PAD39", "B", 872.96, 4530, 0],
		[73, "PAD40", "B", 870, 4612.96, 0],
		[74, "PAD41", "B", 870, 4647.04, 0],
		[75, "PAD42", "B", 602.96, 4810, 0],
		[76, "PAD43", "B", 637.04, 4810, 0],
		[77, "PAD44", "B", 637.04, 4890, 0],
		[78, "PAD45", "B", 602.96, 4890, 0],
		[79, "PAD46", "B", 1090.55, 4701.611, 0],
		[80, "PAD47", "B", 909.45, 4778.391, 0],
		[81, "PAD48", "B", 909.45, 4701.611, 0]
	]
},
"pins": {
	"fields": ["PIN_NO", "PIN_NAME", "PIN_X", "PIN_Y", "LAYER", "PIN_TYPE", "NET_NAME", "NET_TYPE", "PAD_SHAPE", "PAD_SIZEX", "PAD_SIZEY", "HOLE_SIZE", "HOLE_LEN", "PAD_ANGLE"],
	"rows": [
		[1, "-BATT_1", 1300, 4609.37, "T", "DIP", "VBATT", "", "R", 59.055, 59.055, 39.37, 39.37, 270],
		[2, "-BATT_1", 1300, 4609.37, "B", "DIP", "VBATT", "", "R", 59.055, 59.055, 39.37, 39.37, 270],
		[3, "-BATT_2", 1300, 4530.63, "T", "DIP", "GND", "GND", "C", 59.055, 59.055, 39.37, 39.37, 270],
		[4, "-BATT_2", 1300, 4530.63, "B", "DIP", "GND", "GND", "C", 59.055, 59.055, 39.37, 39.37, 270],
		[5, "+MOT_1", 1300, 4869.37, "T", "DIP", "MOTP", "", "R", 59.055, 59.055, 39.37, 39.37, 270],
		[6, "+MOT_1", 1300, 4869.37, "B", "DIP", "MOTP", "", "R", 59.055, 59.055, 39.37, 39.37, 270],
		[7, "+MOT_2", 1300, 4790.63, "T", "DIP", "MOTN", "", "C", 59.055, 59.055, 39.37, 39.37, 270],
		[8, "+MOT_2", 1300, 4790.63, "B", "DIP", "MOTN", "", "C", 59.055, 59.055, 39.37, 39.37, 270],
		[9, "B+_1", 1121.258, 4631.172, "T", "SMD", "VBATT", "", "C", 98.425, 98.425, 0, 0, 0],
		[10, "C1_1", 748.54, 4890, "B", "SMD", "GND", "GND", "R", 31.106, 21.26, 0, 0, 0],
		[11, "C1_2", 791.46, 4890, "B", "SMD", "VCC", "", "R", 31.106, 21.26, 0, 0, 0],
		[12, "C2_1", 1137.56, 4510, "B", "SMD", "GND", "GND", "R", 31.496, 35.433, 0, 0, 180],
		[13, "C2_2", 1082.44, 4510, "B", "SMD", "VMOT", "", "R", 31.496, 35.433, 0, 0, 180],
		[14, "H1_1", 599.998, 4399.991, "T", "DIP", "A0", "", "R", 66.929, 66.929, 43.308, 43.308, 0],
		[15, "H1_1", 599.998, 4399.991, "B", "DIP", "A0", "", "R", 66.929, 66.929, 43.308, 43.308, 0],
		[16, "H1_2", 699.998, 4399.991, "T", "DIP", "A1", "", "C", 66.929, 66.929, 43.308, 43.308, 0],
		[17, "H1_2", 699.998, 4399.991, "B", "DIP", "A1", "", "C", 66.929, 66.929, 43.308, 43.308, 0],
		[18, "H1_3", 799.998, 4399.991, "T", "DIP", "NET_1", "", "C", 66.929, 66.929, 43.308, 43.308, 0],
		[19, "H1_3", 799.998, 4399.991, "B", "DIP", "NET_1", "", "C", 66.929, 66.929, 43.308, 43.308, 0],
		[20, "H1_4", 899.998, 4399.991, "T", "DIP", "NET_2", "", "C", 66.929, 66.929, 43.308, 43.308, 0],
		[21, "H1_4", 899.998, 4399.991, "B", "DIP", "NET_2", "", "C", 66.929, 66.929, 43.308, 43.308, 0],
		[22, "H1_5", 999.998, 4399.991, "T", "DIP", "NET_3", "", "C", 66.929, 66.929, 43.308, 43.308, 0],
		[23, "H1_5", 999.998, 4399.991, "B", "DIP", "NET_3", "", "C", 66.929, 66.929, 43.308, 43.308, 0],
		[24, "H1_6", 1099.998, 4399.991, "T", "DIP", "NET_4", "", "C", 66.929, 66.929, 43.308, 43.308, 0],
		[25, "H1_6", 1099.998, 4399.991, "B", "DIP", "NET_4", "", "C", 66.929, 66.929, 43.308, 43.308, 0],
		[26, "H1_7", 1199.998, 4399.991, "T", "DIP", "NET_5", "", "C", 66.929, 66.929, 43.308, 43.308, 0],
		[27, "H1_7", 1199.998, 4399.991, "B", "DIP", "NET_5", "", "C", 66.929, 66.929, 43.308, 43.308, 0],
		[28, "H14_1", 599.998, 4999.99, "T", "DIP", "VUSB", "", "R", 66.929, 66.929, 43.308, 43.308, 0],
		[29, "H14_1", 599.998, 4999.99, "B", "DIP", "VUSB", "", "R", 66.929, 66.929, 43.308, 43.308, 0],
		[30, "H14_2", 699.998, 4999.99, "T", "DIP", "GND", "GND", "C", 66.929, 66.929, 43.308, 43.308, 0],
		[31, "H14_2", 699.998, 4999.99, "B", "DIP", "GND", "GND", "C", 66.929, 66.929, 43.308, 43.308, 0],
		[32, "H14_3", 799.998, 4999.99, "T", "DIP", "VCC", "", "C", 66.929, 66.929, 43.308, 43.308, 0],
		[33, "H14_3", 799.998, 4999.99, "B", "DIP", "VCC", "", "C", 66.929, 66.929, 43.308, 43.308, 0],
		[34, "H14_4", 899.998, 4999.99, "T", "DIP", "DTEMP", "", "C", 66.929, 66.929, 43.308, 43.308, 0],
		[35, "H14_4", 899.998, 4999.99, "B", "DIP", "DTEMP", "", "C", 66.929, 66.929, 43.308, 43.308, 0],
		[36, "H14_5", 999.998, 4999.99, "T", "DIP", "CHARGE", "", "C", 66.929, 66.929, 43.308, 43.308, 0],
		[37, "H14_5", 999.998, 4999.99, "B", "DIP", "CHARGE", "", "C", 66.929, 66.929, 43.308, 43.308, 0],
		[38, "H14_6", 1099.998, 4999.99, "T", "DIP", "SLEEP", "", "C", 66.929, 66.929, 43.308, 43.308, 0],
		[39, "H14_6", 1099.998, 4999.99, "B", "DIP", "SLEEP", "", "C", 66.929, 66.929, 43.308, 43.308, 0],
		[40, "H14_7", 1199.998, 4999.99, "T", "DIP", "DIR", "", "C", 66.929, 66.929, 43.308, 43.308, 0],
		[41, "H14_7", 1199.998, 4999.99, "B", "DIP", "DIR", "", "C", 66.929, 66.929, 43.308, 43.308, 0],
		[42, "R1_1", 602.96, 4720, "B", "SMD", "VCC", "", "R", 22.27, 21.26, 0, 0, 0],
		[43, "R1_2", 637.04, 4720, "B", "SMD", "$1N15", "", "R", 22.27, 21.26, 0, 0, 0],
		[44, "R2_1", 907.04, 4890, "B", "SMD", "DTEMP", "", "R", 22.27, 21.26, 0, 0, 180],
		[45, "R2_2", 872.96, 4890, "B", "SMD", "VCC", "", "R", 22.27, 21.26, 0, 0, 180],
		[46, "R3_1", 872.96, 4530, "B", "SMD", "A0", "", "R", 22.27, 21.26, 0, 0, 0],
		[47, "R3_2", 907.04, 4530, "B", "SMD", "VMOT", "", "R", 22.27, 21.26, 0, 0, 0],
		[48, "R4_1", 870, 4647.04, "B", "SMD", "GND", "GND", "R", 22.27, 21.26, 0, 0, 270],
		[49, "R4_2", 870, 4612.96, "B", "SMD", "A0", "", "R", 22.27, 21.26, 0, 0, 270],
		[50, "R5_1", 1193.22, 4610, "B", "SMD", "VBATT", "", "R", 47.54, 66.969, 0, 0, 180],
		[51, "R5_2", 1076.78, 4610, "B", "SMD", "VMOT", "", "R", 47.54, 66.969, 0, 0, 180],
		[52, "R6_1", 790, 4647.04, "B", "SMD", "GND", "GND", "R", 22.27, 21.26, 0, 0, 270],
		[53, "R6_2", 790, 4612.96, "B", "SMD", "A1", "", "R", 22.27, 21.26, 0, 0, 270],
		[54, "R7_1", 602.96, 4890, "B", "SMD", "VUSB", "", "R", 22.27, 21.26, 0, 0, 0],
		[55, "R7_2", 637.04, 4890, "B", "SMD", "CHARGE", "", "R", 22.27, 21.26, 0, 0, 0],
		[56, "R8_1", 637.04, 4810, "B", "SMD", "GND", "GND", "R", 22.27, 21.26, 0, 0, 180],
		[57, "R8_2", 602.96, 4810, "B", "SMD", "CHARGE", "", "R", 22.27, 21.26, 0, 0, 180],
		[58, "TCH_1", 699.999, 4524.991, "T", "DIP", "A1", "", "R", 70.866, 70.866, 43.308, 43.308, 90],
		[59, "TCH_1", 699.999, 4524.991, "B", "DIP", "A1", "", "R", 70.866, 70.866, 43.308, 43.308, 90],
		[60, "TCH_2", 699.999, 4624.991, "T", "DIP", "$1N15", "", "C", 70.866, 70.866, 43.308, 43.308, 90],
		[61, "TCH_2", 699.999, 4624.991, "B", "DIP", "$1N15", "", "C", 70.866, 70.866, 43.308, 43.308, 90],
		[62, "U1_1", 1207.4, 4909.53, "B", "SMD", "VMOT", "", "R", 20.512, 9.843, 0, 0, 180],
		[63, "U1_2", 1207.4, 4889.84, "B", "SMD", "MOTP", "", "R", 20.512, 9.843, 0, 0, 180],
		[64, "U1_3", 1207.4, 4870.16, "B", "SMD", "MOTN", "", "R", 20.512, 9.843, 0, 0, 180],
		[65, "U1_4", 1207.4, 4850.47, "B", "SMD", "GND", "GND", "R", 20.512, 9.843, 0, 0, 180],
		[66, "U1_5", 1132.6, 4850.47, "B", "SMD", "VCC", "", "R", 20.512, 9.843, 0, 0, 180],
		[67, "U1_6", 1132.6, 4870.16, "B", "SMD", "DIR", "", "R", 20.512, 9.843, 0, 0, 180],
		[68, "U1_7", 1132.6, 4889.84, "B", "SMD", "SLEEP", "", "R", 20.512, 9.843, 0, 0, 180],
		[69, "U1_8", 1132.6, 4909.53, "B", "SMD", "VCC", "", "R", 20.512, 9.843, 0, 0, 180],
		[70, "U1_9", 1170, 4880, "B", "SMD", "GND", "GND", "R", 35.433, 62.992, 0, 0, 180],
		[71, "U2_1", 909.45, 4701.611, "B", "SMD", "DTEMP", "", "R", 15.984, 47.244, 0, 0, 90],
		[72, "U2_2", 909.45, 4727.201, "B", "SMD", "NET_6", "", "R", 15.984, 47.244, 0, 0, 90],
		[73, "U2_3", 909.45, 4752.801, "B", "SMD", "NET_7", "", "R", 15.984, 47.244, 0, 0, 90],
		[74, "U2_4", 909.45, 4778.391, "B", "SMD", "GND", "GND", "R", 15.984, 47.244, 0, 0, 90],
		[75, "U2_5", 1090.55, 4778.391, "B", "SMD", "NET_8", "", "R", 15.984, 47.244, 0, 0, 90],
		[76, "U2_6", 1090.55, 4752.801, "B", "SMD", "NET_9", "", "R", 15.984, 47.244, 0, 0, 90],
		[77, "U2_7", 1090.55, 4727.201, "B", "SMD", "NET_10", "", "R", 15.984, 47.244, 0, 0, 90],
		[78, "U2_8", 1090.55, 4701.611, "B", "SMD", "VCC", "", "R", 15.984, 47.244, 0, 0, 90],
		[79, "PAD1_1", 1121.258, 4631.172, "T", "SMD", "VBATT", "", "C", 98.425, 98.425, 0, 0, 0],
		[80, "PAD2_2", 791.46, 4890, "B", "SMD", "VCC", "", "R", 31.106, 21.26, 0, 0, 0],
		[81, "PAD3_1", 748.54, 4890, "B", "SMD", "GND", "GND", "R", 31.106, 21.26, 0, 0, 0],
		[82, "PAD4_1", 599.998, 4399.991, "T", "DIP", "A0", "", "R", 66.929, 66.929, 43.308, 43.308, 0],
		[83, "PAD4_1", 599.998, 4399.991, "B", "DIP", "A0", "", "R", 66.929, 66.929, 43.308, 43.308, 0],
		[84, "PAD5_2", 699.998, 4399.991, "T", "DIP", "A1", "", "C", 66.929, 66.929, 43.308, 43.308, 0],
		[85, "PAD5_2", 699.998, 4399.991, "B", "DIP", "A1", "", "C", 66.929, 66.929, 43.308, 43.308, 0],
		[86, "PAD6_1", 599.998, 4999.99, "T", "DIP", "VUSB", "", "R", 66.929, 66.929, 43.308, 43.308, 0],
		[87, "PAD6_1", 599.998, 4999.99, "B", "DIP", "VUSB", "", "R", 66.929, 66.929, 43.308, 43.308, 0],
		[88, "PAD7_2", 699.998, 4999.99, "T", "DIP", "GND", "GND", "C", 66.929, 66.929, 43.308, 43.308, 0],
		[89, "PAD7_2", 699.998, 4999.99, "B", "DIP", "GND", "GND", "C", 66.929, 66.929, 43.308, 43.308, 0],
		[90, "PAD8_3", 799.998, 4999.99, "T", "DIP", "VCC", "", "C", 66.929, 66.929, 43.308, 43.308, 0],
		[91, "PAD8_3", 799.998, 4999.99, "B", "DIP", "VCC", "", "C", 66.929, 66.929, 43.308, 43.308, 0],
		[92, "PAD9_4", 899.998, 4999.99, "T", "DIP", "DTEMP", "", "C", 66.929, 66.929, 43.308, 43.308, 0],
		[93, "PAD9_4", 899.998, 4999.99, "B", "DIP", "DTEMP", "", "C", 66.929, 66.929, 43.308, 43.308, 0],
		[94, "PAD10_5", 999.998, 4999.99, "T", "DIP", "CHARGE", "", "C", 66.929, 66.929, 43.308, 43.308, 0],
		[95, "PAD10_5", 999.998, 4999.99, "B", "DIP", "CHARGE", "", "C", 66.929, 66.929, 43.308, 43.308, 0],
		[96, "PAD11_6", 1099.998, 4999.99, "T", "DIP", "SLEEP", "", "C", 66.929, 66.929, 43.308, 43.308, 0],
		[97, "PAD11_6", 1099.998, 4999.99, "B", "DIP", "SLEEP", "", "C", 66.929, 66.929, 43.308, 43.308, 0],
		[98, "PAD12_7", 1199.998, 4999.99, "T", "DIP", "DIR", "", "C", 66.929, 66.929, 43.308, 43.308, 0],
		[99, "PAD12_7", 1199.998, 4999.99, "B", "DIP", "DIR", "", "C", 66.929, 66.929, 43.308, 43.308, 0],
		[100, "PAD13_2", 699.999, 4624.991, "T", "DIP", "$1N15", "", "C", 70.866, 70.866, 43.308, 43.308, 90],
		[101, "PAD13_2", 699.999, 4624.991, "B", "DIP", "$1N15", "", "C", 70.866, 70.866, 43.308, 43.308, 90],
		[102, "PAD14_1", 699.999, 4524.991, "T", "DIP", "A1", "", "R", 70.866, 70.866, 43.308, 43.308, 90],
		[103, "PAD14_1", 699.999, 4524.991, "B", "DIP", "A1", "", "R", 70.866, 70.866, 43.308, 43.308, 90],
		[104, "PAD15_2", 1082.44, 4510, "B", "SMD", "VMOT", "", "R", 31.496, 35.433, 0, 0, 180],
		[105, "PAD16_1", 1137.56, 4510, "B", "SMD", "GND", "GND", "R", 31.496, 35.433, 0, 0, 180],
		[106, "PAD17_2", 1076.78, 4610, "B", "SMD", "VMOT", "", "R", 47.54, 66.969, 0, 0, 180],
		[107, "PAD18_1", 1193.22, 4610, "B", "SMD", "VBATT", "", "R", 47.54, 66.969, 0, 0, 180],
		[108, "PAD19_1", 1207.4, 4909.53, "B", "SMD", "VMOT", "", "R", 20.512, 9.843, 0, 0, 180],
		[109, "PAD20_2", 1207.4, 4889.84, "B", "SMD", "MOTP", "", "R", 20.512, 9.843, 0, 0, 180],
		[110, "PAD21_3", 1207.4, 4870.16, "B", "SMD", "MOTN", "", "R", 20.512, 9.843, 0, 0, 180],
		[111, "PAD22_4", 1207.4, 4850.47, "B", "SMD", "GND", "GND", "R", 20.512, 9.843, 0, 0, 180],
		[112, "PAD23_5", 1132.6, 4850.47, "B", "SMD", "VCC", "", "R", 20.512, 9.843, 0, 0, 180],
		[113, "PAD24_6", 1132.6, 4870.16, "B", "SMD", "DIR", "", "R", 20.512, 9.843, 0, 0, 180],
		[114, "PAD25_7", 1132.6, 4889.84, "B", "SMD", "SLEEP", "", "R", 20.512, 9.843, 0, 0, 180],
		[115, "PAD26_8", 1132.6, 4909.53, "B", "SMD", "VCC", "", "R", 20.512, 9.843, 0, 0, 180],
		[116, "PAD27_9", 1170, 4880, "B", "SMD", "GND", "GND", "R", 35.433, 62.992, 0, 0, 180],
		[117, "PAD28_2", 872.96, 4890, "B", "SMD", "VCC", "", "R", 22.27, 21.26, 0, 0, 180],
		[118, "PAD29_1", 907.04, 4890, "B", "SMD", "DTEMP", "", "R", 22.27, 21.26, 0, 0, 180],
		[119, "PAD30_2", 637.04, 4720, "B", "SMD", "$1N15", "", "R", 22.27, 21.26, 0, 0, 0],
		[120, "PAD31_1", 602.96, 4720, "B", "SMD", "VCC", "", "R", 22.27, 21.26, 0, 0, 0],
		[121, "PAD32_1", 1300, 4609.37, "T", "DIP", "VBATT", "", "R", 59.055, 59.055, 39.37, 39.37, 270],
		[122, "PAD32_1", 1300, 4609.37, "B", "DIP", "VBATT", "", "R", 59.055, 59.055, 39.37, 39.37, 270],
		[123, "PAD33_2", 1300, 4530.63, "T", "DIP", "GND", "GND", "C", 59.055, 59.055, 39.37, 39.37, 270],
		[124, "PAD33_2", 1300, 4530.63, "B", "DIP", "GND", "GND", "C", 59.055, 59.055, 39.37, 39.37, 270],
		[125, "PAD34_1", 1300, 4869.37, "T", "DIP", "MOTP", "", "R", 59.055, 59.055, 39.37, 39.37, 270],
		[126, "PAD34_1", 1300, 4869.37, "B", "DIP", "MOTP", "", "R", 59.055, 59.055, 39.37, 39.37, 270],
		[127, "PAD35_2", 1300, 4790.63, "T", "DIP", "MOTN", "", "C", 59.055, 59.055, 39.37, 39.37, 270],
		[128, "PAD35_2", 1300, 4790.63, "B", "DIP", "MOTN", "", "C", 59.055, 59.055, 39.37, 39.37, 270],
		[129, "PAD36_2", 790, 4612.96, "B", "SMD", "A1", "", "R", 22.27, 21.26, 0, 0, 270],
		[130, "PAD37_1", 790, 4647.04, "B", "SMD", "GND", "GND", "R", 22.27, 21.26, 0, 0, 270],
		[131, "PAD38_2", 907.04, 4530, "B", "SMD", "VMOT", "", "R", 22.27, 21.26, 0, 0, 0],
		[132, "PAD39_1", 872.96, 4530, "B", "SMD", "A0", "", "R", 22.27, 21.26, 0, 0, 0],
		[133, "PAD40_2", 870, 4612.96, "B", "SMD", "A0", "", "R", 22.27, 21.26, 0, 0, 270],
		[134, "PAD41_1", 870, 4647.04, "B", "SMD", "GND", "GND", "R", 22.27, 21.26, 0, 0, 270],
		[135, "PAD42_2", 602.96, 4810, "B", "SMD", "CHARGE", "", "R", 22.27, 21.26, 0, 0, 180],
		[136, "PAD43_1", 637.04, 4810, "B", "SMD", "GND", "GND", "R", 22.27, 21.26, 0, 0, 180],
		[137, "PAD44_2", 637.04, 4890, "B", "SMD", "CHARGE", "", "R", 22.27, 21.26, 0, 0, 0],
		[138, "PAD45_1", 602.96, 4890, "B", "SMD", "VUSB", "", "R", 22.27, 21.26, 0, 0, 0],
		[139, "PAD46_8", 1090.55, 4701.611, "B", "SMD", "VCC", "", "R", 15.984, 47.244, 0, 0, 90],
		[140, "PAD47_4", 909.45, 4778.391, "B", "SMD", "GND", "GND", "R", 15.984, 47.244, 0, 0, 90],
		[141, "PAD48_1", 909.45, 4701.611, "B", "SMD", "DTEMP", "", "R", 15.984, 47.244, 0, 0, 90]
	]
}
}