{
"lengthUnit": "mil",
"components": {
	"fields": ["COMPONENT_NO", "COMPONENT_NAME", "LAYER", "X_COORDINATE", "Y_COORDINATE", "ANGLE"],
	"rows": [
		[1, "-BATT", "B", 1300, 4540, 270],
		[2, "-MOT", "B", 1300, 4860, 270],
		[3, "B+", "T", 1121.26, 4631.17, 0],
		[4, "C1", "B", 760, 4900, 0],
		[5, "C2", "B", 1030, 4680, 180],
		[6, "H1", "T", 900, 4399.99, 0],
		[7, "H14", "T", 900, 4999.99, 0],
		[8, "R1", "B", 710, 4730, 0],
		[9, "R2", "B", 890, 4900, 180],
		[10, "R3", "B", 890, 4530, 0],
		[11, "R4", "B", 870, 4630, 270],
		[12, "R5", "B", 1135, 4570, 180],
		[13, "R6", "B", 790, 4630, 270],
		[14, "R7", "B", 890, 4820, 0],
		[15, "R8", "B", 890, 4750, 0],
		[16, "TCH1", "B", 700, 4574.99, 90],
		[17, "U1", "B", 1140, 4800, 270],
		[18, "U2", "B", 600, 4774.99, 270]
	]
},
"pins": {
	"fields": ["PIN_NO", "PIN_NAME", "PIN_X", "PIN_Y", "LAYER", "PIN_TYPE", "NET_NAME", "NET_TYPE", "PAD_SHAPE", "PAD_SIZEX", "PAD_SIZEY", "HOLE_SIZE", "PAD_ANGLE"],
	"rows": [
		[1, "-BATT_1", 1300, 4589.22, "T", "DIP", "VBATT", "", "R", 60, 59.05, 35.43, 270],
		[2, "-BATT_1", 1300, 4589.22, "B", "DIP", "VBATT", "", "R", 60, 59.05, 35.43, 270],
		[3, "-BATT_2", 1300, 4490.79, "T", "DIP", "GND", "GND", "C", 59.05, 59.05, 35.43, 270],
		[4, "-BATT_2", 1300, 4490.79, "B", "DIP", "GND", "GND", "C", 59.05, 59.05, 35.43, 270],
		[5, "-MOT_1", 1300, 4909.22, "T", "DIP", "MOTP", "", "R", 60, 59.05, 35.43, 270],
		[6, "-MOT_1", 1300, 4909.22, "B", "DIP", "MOTP", "", "R", 60, 59.05, 35.43, 270],
		[7, "-MOT_2", 1300, 4810.79, "T", "DIP", "MOTN", "", "C", 59.05, 59.05, 35.43, 270],
		[8, "-MOT_2", 1300, 4810.79, "B", "DIP", "MOTN", "", "C", 59.05, 59.05, 35.43, 270],
		[9, "B+_1", 1121.26, 4631.17, "T", "SMD", "VBATT", "", "C", 98.42, 98.42, 0, 0],
		[10, "C1_1", 738.54, 4900, "B", "SMD", "GND", "GND", "R", 31.11, 21.26, 0, 0],
		[11, "C1_2", 781.46, 4900, "B", "SMD", "VCC", "", "R", 31.11, 21.26, 0, 0],
		[12, "C2_1", 1057.56, 4680, "B", "SMD", "GND", "GND", "R", 31.5, 35.43, 0, 180],
		[13, "C2_2", 1002.44, 4680, "B", "SMD", "VMOT", "", "R", 31.5, 35.43, 0, 180],
		[14, "H1_1", 600, 4399.99, "T", "DIP", "A0", "", "R", 66.93, 66.93, 43.31, 0],
		[15, "H1_1", 600, 4399.99, "B", "DIP", "A0", "", "R", 66.93, 66.93, 43.31, 0],
		[16, "H1_2", 700, 4399.99, "T", "DIP", "A1", "", "C", 66.93, 66.93, 43.31, 0],
		[17, "H1_2", 700, 4399.99, "B", "DIP", "A1", "", "C", 66.93, 66.93, 43.31, 0],
		[18, "H1_3", 800, 4399.99, "T", "DIP", "H1_3", "", "C", 66.93, 66.93, 43.31, 0],
		[19, "H1_3", 800, 4399.99, "B", "DIP", "H1_3", "", "C", 66.93, 66.93, 43.31, 0],
		[20, "H1_4", 900, 4399.99, "T", "DIP", "H1_4", "", "C", 66.93, 66.93, 43.31, 0],
		[21, "H1_4", 900, 4399.99, "B", "DIP", "H1_4", "", "C", 66.93, 66.93, 43.31, 0],
		[22, "H1_5", 1000, 4399.99, "T", "DIP", "H1_5", "", "C", 66.93, 66.93, 43.31, 0],
		[23, "H1_5", 1000, 4399.99, "B", "DIP", "H1_5", "", "C", 66.93, 66.93, 43.31, 0],
		[24, "H1_6", 1100, 4399.99, "T", "DIP", "H1_6", "", "C", 66.93, 66.93, 43.31, 0],
		[25, "H1_6", 1100, 4399.99, "B", "DIP", "H1_6", "", "C", 66.93, 66.93, 43.31, 0],
		[26, "H1_7", 1200, 4399.99, "T", "DIP", "H1_7", "", "C", 66.93, 66.93, 43.31, 0],
		[27, "H1_7", 1200, 4399.99, "B", "DIP", "H1_7", "", "C", 66.93, 66.93, 43.31, 0],
		[28, "H14_1", 600, 4999.99, "T", "DIP", "VUSB", "", "R", 66.93, 66.93, 43.31, 0],
		[29, "H14_1", 600, 4999.99, "B", "DIP", "VUSB", "", "R", 66.93, 66.93, 43.31, 0],
		[30, "H14_2", 700, 4999.99, "T", "DIP", "GND", "GND", "C", 66.93, 66.93, 43.31, 0],
		[31, "H14_2", 700, 4999.99, "B", "DIP", "GND", "GND", "C", 66.93, 66.93, 43.31, 0],
		[32, "H14_3", 800, 4999.99, "T", "DIP", "VCC", "", "C", 66.93, 66.93, 43.31, 0],
		[33, "H14_3", 800, 4999.99, "B", "DIP", "VCC", "", "C", 66.93, 66.93, 43.31, 0],
		[34, "H14_4", 900, 4999.99, "T", "DIP", "DTEMP", "", "C", 66.93, 66.93, 43.31, 0],
		[35, "H14_4", 900, 4999.99, "B", "DIP", "DTEMP", "", "C", 66.93, 66.93, 43.31, 0],
		[36, "H14_5", 1000, 4999.99, "T", "DIP", "CHARGE", "", "C", 66.93, 66.93, 43.31, 0],
		[37, "H14_5", 1000, 4999.99, "B", "DIP", "CHARGE", "", "C", 66.93, 66.93, 43.31, 0],
		[38, "H14_6", 1100, 4999.99, "T", "DIP", "SLEEP", "", "C", 66.93, 66.93, 43.31, 0],
		[39, "H14_6", 1100, 4999.99, "B", "DIP", "SLEEP", "", "C", 66.93, 66.93, 43.31, 0],
		[40, "H14_7", 1200, 4999.99, "T", "DIP", "DIR", "", "C", 66.93, 66.93, 43.31, 0],
		[41, "H14_7", 1200, 4999.99, "B", "DIP", "DIR", "", "C", 66.93, 66.93, 43.31, 0],
		[42, "R1_1", 692.96, 4730, "B", "SMD", "VCC", "", "R", 22.27, 21.26, 0, 0],
		[43, "R1_2", 727.04, 4730, "B", "SMD", "$1N15", "", "R", 22.27, 21.26, 0, 0],
		[44, "R2_1", 907.04, 4900, "B", "SMD", "DTEMP", "", "R", 22.27, 21.26, 0, 180],
		[45, "R2_2", 872.96, 4900, "B", "SMD", "VCC", "", "R", 22.27, 21.26, 0, 180],
		[46, "R3_1", 872.96, 4530, "B", "SMD", "A0", "", "R", 22.27, 21.26, 0, 0],
		[47, "R3_2", 907.04, 4530, "B", "SMD", "VMOT", "", "R", 22.27, 21.26, 0, 0],
		[48, "R4_1", 870, 4647.04, "B", "SMD", "GND", "GND", "R", 22.27, 21.26, 0, 270],
		[49, "R4_2", 870, 4612.96, "B", "SMD", "A0", "", "R", 22.27, 21.26, 0, 270],
		[50, "R5_1", 1193.22, 4570, "B", "SMD", "VBATT", "", "R", 47.54, 66.97, 0, 180],
		[51, "R5_2", 1076.78, 4570, "B", "SMD", "VMOT", "", "R", 47.54, 66.97, 0, 180],
		[52, "R6_1", 790, 4647.04, "B", "SMD", "GND", "GND", "R", 22.27, 21.26, 0, 270],
		[53, "R6_2", 790, 4612.96, "B", "SMD", "A1", "", "R", 22.27, 21.26, 0, 270],
		[54, "R7_1", 872.96, 4820, "B", "SMD", "VUSB", "", "R", 22.27, 21.26, 0, 0],
		[55, "R7_2", 907.04, 4820, "B", "SMD", "CHARGE", "", "R", 22.27, 21.26, 0, 0],
		[56, "R8_1", 872.96, 4750, "B", "SMD", "GND", "GND", "R", 22.27, 21.26, 0, 0],
		[57, "R8_2", 907.04, 4750, "B", "SMD", "CHARGE", "", "R", 22.27, 21.26, 0, 0],
		[58, "TCH1_1", 700, 4524.99, "T", "DIP", "A1", "", "R", 70.87, 70.87, 43.31, 90],
		[59, "TCH1_1", 700, 4524.99, "B", "DIP", "A1", "", "R", 70.87, 70.87, 43.31, 90],
		[60, "TCH1_2", 700, 4624.99, "T", "DIP", "$1N15", "", "C", 70.87, 70.87, 43.31, 90],
		[61, "TCH1_2", 700, 4624.99, "B", "DIP", "$1N15", "", "C", 70.87, 70.87, 43.31, 90],
		[62, "U1_1", 1110.47, 4837.4, "B", "SMD", "VMOT", "", "R", 20.51, 9.84, 0, 270],
		[63, "U1_2", 1130.16, 4837.4, "B", "SMD", "MOTP", "", "R", 20.51, 9.84, 0, 270],
		[64, "U1_3", 1149.84, 4837.4, "B", "SMD", "MOTN", "", "R", 20.51, 9.84, 0, 270],
		[65, "U1_4", 1169.53, 4837.4, "B", "SMD", "GND", "GND", "R", 20.51, 9.84, 0, 270],
		[66, "U1_5", 1169.53, 4762.6, "B", "SMD", "VCC", "", "R", 20.51, 9.84, 0, 270],
		[67, "U1_6", 1149.84, 4762.6, "B", "SMD", "DIR", "", "R", 20.51, 9.84, 0, 270],
		[68, "U1_7", 1130.16, 4762.6, "B", "SMD", "SLEEP", "", "R", 20.51, 9.84, 0, 270],
		[69, "U1_8", 1110.47, 4762.6, "B", "SMD", "VCC", "", "R", 20.51, 9.84, 0, 270],
		[70, "U1_9", 1140, 4800, "B", "SMD", "GND", "GND", "R", 35.43, 62.99, 0, 270],
		[71, "U2_1", 600, 4824.99, "T", "DIP", "GND", "GND", "R", 35.43, 62.99, 27.56, 270],
		[72, "U2_1", 600, 4824.99, "B", "DIP", "GND", "GND", "R", 35.43, 62.99, 27.56, 270],
		[73, "U2_2", 600, 4774.99, "T", "DIP", "DTEMP", "", "O", 35.43, 62.99, 27.56, 270],
		[74, "U2_2", 600, 4774.99, "B", "DIP", "DTEMP", "", "O", 35.43, 62.99, 27.56, 270],
		[75, "U2_3", 600, 4724.99, "T", "DIP", "VCC", "", "O", 35.43, 62.99, 27.56, 270],
		[76, "U2_3", 600, 4724.99, "B", "DIP", "VCC", "", "O", 35.43, 62.99, 27.56, 270]
	]
}
}